obj_size, writers, client_util, client_bandwidth, OSD_0_util, OSD_1_util, OSD_2_util, OSD_3_util
100, 4, 6.872413793103447, 398.83458587806507, 0.5448275862068965, 0.4482758620689655, 0.4758620689655172, 0.36
100, 8, 9.609302325581396, 625.3670337996089, 0.6744186046511627, 0.616279069767442, 0.6386363636363638, 0.49999999999999983
100, 12, 12.865000000000004, 695.176319653659, 0.7250000000000002, 0.7163934426229509, 0.7803278688524592, 0.6098360655737707
100, 16, 16.36027397260274, 815.4649543285458, 0.8547945205479451, 0.8082191780821918, 0.950684931506849, 0.7472972972972972
100, 20, 22.806999999999995, 704.9690024112841, 0.6759999999999998, 0.669, 0.8227722772277227, 0.6376237623762375
100, 24, 26.070833333333336, 710.747312378445, 0.7425, 0.7083333333333331, 0.8058333333333334, 0.6487603305785126
100, 28, 27.383211678832122, 711.8266963819387, 0.8072992700729928, 0.7036496350364964, 0.845652173913043, 0.6347826086956521
100, 32, 31.0636904761905, 686.2210512867172, 0.7083333333333333, 0.6470238095238094, 0.7621301775147932, 0.5757396449704143
