obj_size, writers, client_util, client_bandwidth, OSD_0_util, OSD_1_util, OSD_2_util, OSD_3_util
10, 4, 7.163333333333332, 379.5213596554248, 0.53, 0.43666666666666665, 0.47000000000000003, 0.35806451612903234
10, 8, 10.775555555555554, 583.0302619629193, 0.6622222222222223, 0.5733333333333333, 0.6608695652173914, 0.5043478260869565
10, 12, 12.753448275862068, 751.7066993372573, 0.7655172413793104, 0.693220338983051, 0.8508474576271187, 0.6440677966101697
10, 16, 15.913513513513516, 818.5857863484352, 0.862162162162162, 0.8148648648648649, 0.8879999999999999, 0.7226666666666666
10, 20, 19.33586956521739, 821.6041158083581, 0.8760869565217392, 0.8516129032258066, 0.9225806451612903, 0.7172043010752686
10, 24, 24.91160714285715, 761.3624936086688, 0.8749999999999999, 0.8327433628318585, 0.8911504424778763, 0.7017699115044246
10, 28, 26.71353383458647, 738.1244031017696, 0.8616541353383457, 0.7278195488721805, 0.8582089552238803, 0.684328358208955
10, 32, 28.76, 793.4416900282472, 0.8866666666666665, 0.7873333333333333, 0.9317880794701989, 0.7125827814569538
