obj_size, writers, client_util, client_bandwidth, OSD_0_util, OSD_1_util, OSD_2_util, OSD_3_util
1, 4, 7.01, 374.27153643332457, 0.5266666666666667, 0.44516129032258056, 0.47741935483870984, 0.35806451612903223
1, 8, 10.625581395348838, 625.4549582366574, 0.6837209302325581, 0.6568181818181819, 0.725, 0.5431818181818181
1, 12, 14.086206896551728, 733.4956637021103, 0.7775862068965518, 0.767241379310345, 0.863793103448276, 0.630508474576271
1, 16, 16.29493670886076, 723.5108598684832, 0.770886075949367, 0.7924050632911392, 0.8637499999999999, 0.6637499999999998
1, 20, 20.096842105263153, 780.4865993995252, 0.8589473684210522, 0.8336842105263155, 0.9489583333333331, 0.7083333333333331
1, 24, 24.72293577981651, 809.9125889323641, 0.9403669724770644, 0.8834862385321101, 0.9936363636363633, 0.7490909090909089
1, 28, 27.037301587301585, 818.9186059270062, 0.926984126984127, 0.9015873015873017, 1.0188976377952754, 0.769291338582677
1, 32, 29.08145695364238, 784.9598362536979, 0.9033112582781461, 0.8682119205298013, 0.9854304635761592, 0.7269736842105262
